"Dossier","Fichier","Ext","Largeur","Hauteur","Taille_Ko"
"C:\Users\joulz\etika-cleanup-20250902-213838\Etika-Blockchain-Project\backend\public\learn\how-it-works","1-inscription.jpg",".jpg","640","427","71,6"
"C:\Users\joulz\etika-cleanup-20250902-213838\Etika-Blockchain-Project\backend\public\learn\how-it-works","2-encheres.jpg",".jpg","640","427","69,5"
"C:\Users\joulz\etika-cleanup-20250902-213838\Etika-Blockchain-Project\backend\public\learn\how-it-works","3-caisse.jpg",".jpg","640","480","71,8"
"C:\Users\joulz\etika-cleanup-20250902-213838\Etika-Blockchain-Project\backend\public\learn\how-it-works","4-decision.jpg",".jpg","640","502","16,8"
"C:\Users\joulz\etika-cleanup-20250902-213838\Etika-Blockchain-Project\backend\public\learn\how-it-works","adult-8377366_640.jpg",".jpg","640","360","55,6"
"C:\Users\joulz\etika-cleanup-20250902-213838\Etika-Blockchain-Project\backend\public\learn\how-it-works","auction-7933637_640.png",".png","640","476","263,3"
"C:\Users\joulz\etika-cleanup-20250902-213838\Etika-Blockchain-Project\backend\public\learn\how-it-works","doors-1767562_640.jpg",".jpg","640","341","56,3"
"C:\Users\joulz\etika-cleanup-20250902-213838\Etika-Blockchain-Project\backend\public\learn\how-it-works","warehouse-8540045_640.jpg",".jpg","640","359","90,7"
"C:\Users\joulz\etika-cleanup-20250902-213838\Etika-Blockchain-Project\backend\public\learn\how-it-works","woman-8656632_640.jpg",".jpg","640","359","62,6"
"C:\Users\joulz\etika-cleanup-20250902-213838\Etika-Blockchain-Project\backend\public\learn\tech\img","oeil.jpg",".jpg","640","457","51,4"
"C:\Users\joulz\etika-cleanup-20250902-213838\Etika-Blockchain-Project\backend\public\learn\tech\img","outils-principes.jpg",".jpg","640","360","62,3"
"C:\Users\joulz\etika-cleanup-20250902-213838\Etika-Blockchain-Project\backend\public\learn\tech\img","pop-triple-validation.jpg",".jpg","640","640","47,3"
"C:\Users\joulz\etika-cleanup-20250902-213838\Etika-Blockchain-Project\backend\public\learn\values\img","valeurs-circuit-court.jpg",".jpg","640","427","62,7"
"C:\Users\joulz\etika-cleanup-20250902-213838\Etika-Blockchain-Project\backend\public\learn\values\img","valeurs-production-locale.jpg",".jpg","424","640","132,4"
"C:\Users\joulz\etika-cleanup-20250902-213838\Etika-Blockchain-Project\backend\public\learn\values\img","valeurs-social-ecologie.jpg",".jpg","640","424","38,9"
"C:\Users\joulz\etika-cleanup-20250902-213838\Etika-Blockchain-Project\backend\public\learn\what-you-gain","gain-consommateurs.jpg",".jpg","640","360","55,6"
"C:\Users\joulz\etika-cleanup-20250902-213838\Etika-Blockchain-Project\backend\public\learn\what-you-gain","gain-partenaires.jpg",".jpg","640","359","90,7"
"C:\Users\joulz\etika-cleanup-20250902-213838\Etika-Blockchain-Project\backend\public\learn\what-you-gain","woman-8656632_640.jpg",".jpg","640","359","62,6"
